{
  "run_id": [
    0,
    1,
    2,
    3,
    4,
    5,
    6,
    7,
    8,
    9,
    10,
    11,
    12,
    13,
    14,
    15,
    16,
    17,
    18,
    19,
    20,
    21,
    22,
    23,
    24,
    25,
    26,
    27,
    28,
    29,
    30,
    31,
    32,
    33,
    34,
    35,
    36,
    37,
    38,
    39,
    40,
    41,
    42,
    43,
    44,
    45,
    46,
    47,
    48,
    49
  ],
  "param_lambda": [
    1.9210526315789473,
    2.8684210526315788,
    3.1052631578947367,
    3.1052631578947367,
    3.81578947368421,
    0.9736842105263157,
    3.5789473684210527,
    1.9210526315789473,
    1.2105263157894737,
    3.1052631578947367,
    2.1578947368421053,
    3.3421052631578947,
    3.1052631578947367,
    1.4473684210526314,
    0.5,
    0.9736842105263157,
    3.5789473684210527,
    1.9210526315789473,
    2.8684210526315788,
    3.3421052631578947,
    2.8684210526315788,
    5.0,
    0.5,
    2.394736842105263,
    0.9736842105263157,
    1.4473684210526314,
    1.6842105263157894,
    1.4473684210526314,
    1.6842105263157894,
    4.763157894736842,
    0.5,
    4.052631578947368,
    1.4473684210526314,
    5.0,
    1.6842105263157894,
    3.5789473684210527,
    0.5,
    0.5,
    3.3421052631578947,
    3.81578947368421,
    4.289473684210526,
    2.394736842105263,
    0.5,
    2.1578947368421053,
    0.7368421052631579,
    2.631578947368421,
    1.2105263157894737,
    3.81578947368421,
    4.289473684210526,
    3.1052631578947367
  ],
  "param_nx": [
    320,
    160,
    80,
    40,
    80,
    40,
    80,
    320,
    80,
    80,
    40,
    40,
    320,
    80,
    320,
    40,
    160,
    40,
    40,
    80,
    320,
    40,
    160,
    320,
    40,
    320,
    320,
    320,
    320,
    320,
    160,
    80,
    40,
    320,
    320,
    80,
    80,
    320,
    160,
    320,
    320,
    40,
    320,
    80,
    80,
    160,
    40,
    320,
    320,
    320
  ],
  "param_init_type": [
    "gaussian",
    "gaussian",
    "uniform",
    "gaussian",
    "uniform",
    "bimodal",
    "uniform",
    "gaussian",
    "uniform",
    "uniform",
    "gaussian",
    "gaussian",
    "bimodal",
    "bimodal",
    "bimodal",
    "bimodal",
    "bimodal",
    "gaussian",
    "gaussian",
    "gaussian",
    "uniform",
    "gaussian",
    "uniform",
    "gaussian",
    "gaussian",
    "gaussian",
    "bimodal",
    "uniform",
    "gaussian",
    "bimodal",
    "gaussian",
    "gaussian",
    "bimodal",
    "uniform",
    "uniform",
    "uniform",
    "gaussian",
    "bimodal",
    "uniform",
    "gaussian",
    "gaussian",
    "gaussian",
    "bimodal",
    "uniform",
    "gaussian",
    "uniform",
    "gaussian",
    "uniform",
    "uniform",
    "gaussian"
  ],
  "metric_run_id": [
    0,
    1,
    2,
    3,
    4,
    5,
    6,
    7,
    8,
    9,
    10,
    11,
    12,
    13,
    14,
    15,
    16,
    17,
    18,
    19,
    20,
    21,
    22,
    23,
    24,
    25,
    26,
    27,
    28,
    29,
    30,
    31,
    32,
    33,
    34,
    35,
    36,
    37,
    38,
    39,
    40,
    41,
    42,
    43,
    44,
    45,
    46,
    47,
    48,
    49
  ],
  "metric_crater_depth": [
    0.6946592684603006,
    1.1337957117006368,
    1.121130508163049,
    1.1735300976047864,
    1.3416754908761435,
    0.07803075385877797,
    1.2462508506015475,
    0.7596352806473007,
    0.5151646968546232,
    1.2105353666217125,
    0.7745033242300212,
    1.248640750706983,
    1.2025987744244309,
    0.599318228865984,
    0.041098232171566225,
    0.02195942459383017,
    1.2680627566224099,
    0.7271728585901545,
    1.0813822015091952,
    1.178970478614606,
    1.0858930059963832,
    1.530478125815803,
    0.0437615171403628,
    0.824910277342477,
    0.03848404943774676,
    0.5976456607859258,
    0.6724767126353246,
    0.597563497391879,
    0.6910990383761088,
    1.4700682218478676,
    0.02134735212405891,
    1.3621899049165749,
    0.5530812371499274,
    1.5779875545857625,
    0.6061828630563997,
    1.2849789934534799,
    0.027882270922132885,
    0.046771580305943354,
    1.2590309314034345,
    1.2826821935166466,
    1.4573497879218391,
    0.8612394674633103,
    0.026949274668609247,
    0.8088691437225486,
    0.09486697949246745,
    1.1073271289416022,
    0.47025198643683486,
    1.2725560887209288,
    1.440154792908071,
    1.1667791477403204
  ],
  "metric_spatial_spread": [
    0.4310898131715332,
    0.4288246815213812,
    0.45487373585929775,
    0.42525620648049967,
    0.4507731627921285,
    0.17252496259847716,
    0.43383097412137184,
    0.40077349583328337,
    0.34838814554611136,
    0.43515815683529113,
    0.45722634914180704,
    0.4208327953418833,
    0.4406060250871177,
    0.39048482588245215,
    0.16625916610133734,
    0.18566223936114976,
    0.4503244193389801,
    0.4374835868541994,
    0.40790862527726734,
    0.4399319916820403,
    0.41123594453542767,
    0.508232792657147,
    0.19714548519562597,
    0.45216945490724353,
    0.15184434736772665,
    0.3787721146830015,
    0.4065020333980149,
    0.37152557630900107,
    0.38471899789167324,
    0.5227047816419654,
    0.19623468091392815,
    0.46567303768888885,
    0.3586804097348722,
    0.5321015823077144,
    0.37349462977488057,
    0.46154543139618265,
    0.168323439229143,
    0.16326011838408627,
    0.4388249814334162,
    0.47691207944728575,
    0.4879709099100734,
    0.4878064251627098,
    0.1778400631229175,
    0.4652921661894237,
    0.15683106657210144,
    0.42493256329742624,
    0.34089182293964176,
    0.4697034807340192,
    0.4824832162810894,
    0.44736431164533597
  ],
  "metric_equilibrium_type": [
    "Mixed",
    "Crater",
    "Crater",
    "Crater",
    "Crater",
    "Single Peak",
    "Crater",
    "Mixed",
    "Mixed",
    "Crater",
    "Mixed",
    "Crater",
    "Crater",
    "Mixed",
    "Single Peak",
    "Single Peak",
    "Crater",
    "Mixed",
    "Crater",
    "Crater",
    "Crater",
    "Crater",
    "Single Peak",
    "Mixed",
    "Single Peak",
    "Mixed",
    "Mixed",
    "Mixed",
    "Mixed",
    "Crater",
    "Single Peak",
    "Crater",
    "Mixed",
    "Crater",
    "Mixed",
    "Crater",
    "Single Peak",
    "Single Peak",
    "Crater",
    "Crater",
    "Crater",
    "Mixed",
    "Single Peak",
    "Mixed",
    "Single Peak",
    "Crater",
    "Mixed",
    "Crater",
    "Crater",
    "Crater"
  ],
  "metric_convergence_iterations": [
    79,
    84,
    104,
    96,
    102,
    96,
    105,
    75,
    95,
    110,
    103,
    115,
    82,
    109,
    82,
    111,
    84,
    100,
    99,
    96,
    86,
    106,
    90,
    72,
    108,
    78,
    72,
    69,
    72,
    75,
    101,
    111,
    110,
    69,
    81,
    96,
    106,
    72,
    91,
    73,
    73,
    115,
    86,
    94,
    106,
    102,
    97,
    68,
    70,
    71
  ],